{"count":1,"self":54.9793856,"total":104.9862058,"children":{"InitializeActuators":{"count":1,"self":0.0020006,"total":0.0020006,"children":null},"InitializeSensors":{"count":1,"self":0.0010000999999999999,"total":0.0010000999999999999,"children":null},"AgentSendState":{"count":113984,"self":0.69560689999999992,"total":1.0854888,"children":{"CollectObservations":{"count":11399,"self":0.0619729,"total":0.0619729,"children":null},"WriteActionMask":{"count":11399,"self":0.021997299999999997,"total":0.021997299999999997,"children":null},"RequestDecision":{"count":11399,"self":0.11070909999999999,"total":0.3059117,"children":{"AgentInfo.ToProto":{"count":11399,"self":0.0769194,"total":0.1952026,"children":{"GenerateSensorData":{"count":11399,"self":0.11828319999999999,"total":0.11828319999999999,"children":null}}}}}}},"DecideAction":{"count":113984,"self":46.7666496,"total":46.7666487,"children":null},"AgentAct":{"count":113984,"self":1.946624,"total":2.1506798,"children":{"AgentInfo.ToProto":{"count":9665,"self":0.08447289999999999,"total":0.20405589999999998,"children":{"GenerateSensorData":{"count":9665,"self":0.119583,"total":0.119583,"children":null}}}}}},"gauges":{"Walker.CumulativeReward":{"count":9665,"max":2,"min":1,"runningAverage":1.96585953,"value":2,"weightedAverage":1.82600379}},"metadata":{"timer_format_version":"0.1.0","start_time_seconds":"1705264718","unity_version":"2022.3.3f1","command_line_arguments":"C:\\Program Files\\Unity\\Hub\\Editor\\2022.3.3f1\\Editor\\Unity.exe -projectpath C:\\Users\\usuario\\Desktop\\github\\IA_Project\\Final Project -useHub -hubIPC -cloudEnvironment production -licensingIpc LicenseClient-usuario -hubSessionId 2141789d-04ee-44df-b154-36f726c16923","communication_protocol_version":"1.5.0","com.unity.ml-agents_version":"2.0.1","scene_name":"SampleScene","end_time_seconds":"1705264823"}}